image_name,is_table,char_count,url
universite-paris-cite-5-ans_849515b0.png,False,27,https://u-paris.fr/language/en
SiegeUP_1920-1_de88e599.jpeg,False,0,https://u-paris.fr/language/en
Plastique_mer_sante_b36fce46.jpeg,False,0,https://u-paris.fr/language/en
Raphael-PORCHER-studiocabrelli_9d46af94.png,False,0,https://u-paris.fr/language/en
mix-3D_1b6fe0fc.jpeg,False,0,https://u-paris.fr/language/en
Appel-à-candidatures-chercheurs_96962325.jpeg,False,0,https://u-paris.fr/language/en
Inde_2025-2-1_b3870646.jpeg,False,20,https://u-paris.fr/language/en
Sans-titre-1920-x-1080-px14_b1a4c9e1.jpeg,False,120,https://u-paris.fr/language/en
Design-sans-titre_a02f2097.jpeg,False,0,https://u-paris.fr/language/en
Meteorite-Martienne_Nakhla_NHMW-J2669_Credit_NH_5003965b.jpeg,False,0,https://u-paris.fr/language/en
Design-sans-titre-8_be81911d.jpeg,False,0,https://u-paris.fr/language/en
CP_phagotherapie_20241113_illustration_1a81383e.png,False,0,https://u-paris.fr/language/en
transplantation_36f492de.png,False,0,https://u-paris.fr/language/en
Learning-Planet-Institute-2_8fbedd7a.jpeg,False,0,https://u-paris.fr/language/en
etudiants-ordinateur_8c3ed6c1.jpeg,False,0,https://u-paris.fr/language/en
Learning-Planet-Institute-3_7aa81029.jpeg,False,0,https://u-paris.fr/language/en
tiktok_logo_icon_4672f3c4.png,False,0,https://u-paris.fr/language/en
Learning-Planet-Institute-4_c10763ee.jpeg,False,0,https://u-paris.fr/language/en
Learning-Planet-Institute-5_d458e579.jpeg,False,0,https://u-paris.fr/language/en
Logotype-rouge-bleu_fe705248.png,False,0,https://u-paris.fr/language/en
Logotype_FUP_-300x69_32c8470e.jpeg,False,33,https://u-paris.fr/language/en
CircleU-300x90_049e00e8.jpeg,False,28,https://u-paris.fr/language/en
udice-300x77_972841e9.jpeg,False,38,https://u-paris.fr/language/en
Parlons_demain_David-1080x675_55f01af8.jpeg,False,0,https://u-paris.fr/language/en/enlighten-the-future/
Vincent-Yang_eca73e45.jpeg,False,0,https://u-paris.fr/language/en/enlighten-the-future/
CircleU_Week_MC_Ginzburg_1920-2_77a71c8b.jpeg,False,0,https://u-paris.fr/language/en/enlighten-the-future/
2024-06-10_1920x1080-2_aed4b8c5.jpeg,False,0,https://u-paris.fr/language/en/enlighten-the-future/
Charlotte-Dejean_80ae7f68.jpeg,False,0,https://u-paris.fr/language/en/enlighten-the-future/
Matthias-Croset_26335617.jpeg,False,0,https://u-paris.fr/language/en/enlighten-the-future/
Immunothérapie-et-cancer-du-rein-Pr-Tartour_1a49d1fa.png,False,0,https://u-paris.fr/language/en/enlighten-the-future/
LavieuLabPhoto_02_d80b355c.jpeg,False,0,https://u-paris.fr/language/en/enlighten-the-future/
Uterus-1920X1080_28320a18.jpeg,False,0,https://u-paris.fr/language/en/enlighten-the-future/
village3_639fd219.jpeg,False,0,https://u-paris.fr/language/en/enlighten-the-future/
Sans-titre-8_efbae526.jpeg,False,0,https://u-paris.fr/language/en/enlighten-the-future/
Globule-déformé-dans-sinus-Pierre-Buffet-1-1_f576aaf7.jpeg,False,0,https://u-paris.fr/language/en/enlighten-the-future/
DSC09003-copie-002_e8b322fb.jpeg,False,0,https://u-paris.fr/language/en/enlighten-the-future/
bateau-2-web_b16046fd.jpeg,False,0,https://u-paris.fr/language/en/enlighten-the-future/
Coline-Suzanne_d5cd2e43.jpeg,False,0,https://u-paris.fr/language/en/enlighten-the-future/
Parlons_demain_David_7fccadae.jpeg,False,0,https://u-paris.fr/language/en/enlighten-the-future/
FG16143-2_photo-Alexandre-Loupy-1024x576_aeea4872.jpeg,False,0,https://u-paris.fr/language/en/enlighten-the-future/
Dimitri-Labat-1080x675_4eb8a173.jpeg,False,0,https://u-paris.fr/language/en/enlighten-the-future/
Sandra-Vasilijevic_234342bc.jpeg,False,0,https://u-paris.fr/language/en/enlighten-the-future/
Paul-Boniol_c90c99ab.jpeg,False,0,https://u-paris.fr/language/en/enlighten-the-future/
portrait-gael-laboratoire_b0840bc1.jpeg,False,0,https://u-paris.fr/language/en/enlighten-the-future/
world-min_bfd87d6e.jpeg,False,0,https://u-paris.fr/en/find-your-program/
programmes-taught-in-english_a2e16e3a.jpeg,False,0,https://u-paris.fr/en/find-your-program/
casque-audio-1_101462de.jpeg,False,0,https://u-paris.fr/en/find-your-program/
CeremonieDiplome01_ddc136fc.jpeg,False,0,https://u-paris.fr/en/find-your-program/
ERC-Consolidator_f18d345d.jpeg,False,0,https://u-paris.fr/
2021_VISUEL_REORIENTATION_SEMESTRIELLE_96601e85.jpeg,False,0,https://u-paris.fr/
Prix-2025-Chancellerie-de-Paris_76264954.jpeg,False,54,https://u-paris.fr/
SanteMentale_3_1920_f63a68cf.jpeg,False,0,https://u-paris.fr/
Remise-ds-Prix-20251E4A202425-Nov_1937c201.jpeg,False,0,https://u-paris.fr/
masterclasse-R-1_6c216bec.jpeg,False,0,https://u-paris.fr/
pexels-vanyaoboleninov-9357771_dc523aa4.jpeg,False,0,https://u-paris.fr/
aliments-ultra-transformés_ff743af1.jpeg,False,0,https://u-paris.fr/
bfield_projs061_cbd7ac40.jpeg,False,0,https://u-paris.fr/
image-cancer1_092ae3e4.jpeg,False,0,https://u-paris.fr/
Image1_-Cp-Chaix_Bruit-pollution1_5642a8e3.jpeg,False,0,https://u-paris.fr/
capture-fds_ae644924.png,False,0,https://u-paris.fr/
Capture-decran_25-11-2025_162831_images.lorient.bz_43046b9d.jpeg,False,0,https://u-paris.fr/
EXPO-_Chronophotographie_1920x1080_468a976b.jpeg,False,0,https://u-paris.fr/
Panier_d5432988.jpeg,False,0,https://u-paris.fr/
Design-sans-titre-30_0cccaa9a.jpeg,False,0,https://u-paris.fr/
aldward-castillo-qe5z7X2qm_o-unsplash_4fcad5dd.jpeg,False,0,https://u-paris.fr/
Scolarité_135_77d6ee52.png,False,0,https://u-paris.fr/en/be-our-guest-en/
Bienvenue_135_c4244c9f.png,False,0,https://u-paris.fr/en/be-our-guest-en/
Aide_135_ae30e111.png,False,0,https://u-paris.fr/en/be-our-guest-en/
Santé_135_6ba5b17a.png,False,0,https://u-paris.fr/en/be-our-guest-en/
bons_plans_135_5b7309c5.png,False,0,https://u-paris.fr/en/be-our-guest-en/
bons_plans_135_5b7309c5.png,False,0,https://u-paris.fr/en/be-our-guest-en/
Sans-titretour-eiffel-min_ed5f85a3.jpeg,False,0,https://u-paris.fr/en/teacher-researchers-and-international-doctoral-students/
Photo-de-Marina-Leonova-sur-Pexels-1-1080x675_d33d02e5.jpeg,False,0,https://u-paris.fr/en/scholarships/
SmartUP_1920-1-1080x675_e2b28378.jpeg,False,0,https://u-paris.fr/en/scholarships/
Appel-à-candidatures-chercheurs-1080x675_35632917.jpeg,False,0,https://u-paris.fr/en/scholarships/
scholarship_bf37f481.jpeg,False,0,https://u-paris.fr/en/scholarships/
Sans-titre-1920-x-1080-px34-1080x675_3951cd37.jpeg,False,0,https://u-paris.fr/en/scholarships/
logement_9e9c31dc.jpeg,False,0,https://u-paris.fr/en/living-in-france/
casque-audio_413d5282.jpeg,False,0,https://u-paris.fr/en/living-in-france/
Cultural-tips-during-your-stay-in-france_45586065.jpeg,False,0,https://u-paris.fr/en/living-in-france/
get-around-in-Paris_73dd50d7.jpeg,False,18,https://u-paris.fr/en/living-in-france/
resto_u_HAF_6595b19d.jpeg,False,0,https://u-paris.fr/en/living-in-france/
LogoUP_fac3_300px_90195800.jpeg,False,0,https://u-paris.fr/en/faculties/
LogoUP_fac1_300px_8102bf20.jpeg,False,0,https://u-paris.fr/en/faculties/
LogoUP_fac2_300px_219dea6e.jpeg,False,0,https://u-paris.fr/en/faculties/
LogoUP_fac3_300px_f0503cf3.png,False,0,https://u-paris.fr/en/faculties/
I_Pasteur_300px-1-1_7d3778b4.png,False,18,https://u-paris.fr/en/faculties/
Ambassadeurs-étudiants_2877869c.jpeg,False,0,https://u-paris.fr/en/circle-u-european-university-alliance/
CONNEXION-MONDE1_935f525e.jpeg,False,0,https://u-paris.fr/en/circle-u-european-university-alliance/
OPEN-CAMPUS-CIRCLE-U_9286a390.jpeg,False,545,https://u-paris.fr/en/circle-u-european-university-alliance/
OPEN-CAMPUS-CU_85e8fecc.png,False,0,https://u-paris.fr/en/circle-u-european-university-alliance/
ECOLE-DETE_CIRCLE-U._ac984f67.png,False,0,https://u-paris.fr/en/circle-u-european-university-alliance/
job_399dc3d5.jpeg,False,0,https://u-paris.fr/language/en/careers-at-universite-de-paris/
student-job_37fcb0bd.jpeg,False,0,https://u-paris.fr/language/en/careers-at-universite-de-paris/
robotique_b009b6ee.jpeg,False,0,https://u-paris.fr/language/en/careers-at-universite-de-paris/
IPGP_57a7baa9.jpeg,False,0,https://u-paris.fr/language/en/careers-at-universite-de-paris/
POP_d76e60cd.jpeg,False,0,https://u-paris.fr/language/en/careers-at-universite-de-paris/
SiteUP_sept22_web_FR-1_d5dda40d.jpeg,False,1591,https://u-paris.fr/en/our-sites-and-campuses/
ERC-Consolidator-1080x675_cc7264c2.jpeg,False,0,https://u-paris.fr/en/higher-education-in-france/
MSCA_logo-1-1080x675_d8ec97e8.png,False,31,https://u-paris.fr/en/higher-education-in-france/
ECTS_fond_904b57e1.jpeg,False,373,https://u-paris.fr/en/higher-education-in-france/
SchemaLMD2021_07b_44f59ea6.jpeg,True,1071,https://u-paris.fr/en/higher-education-in-france/
Photo1-André-Belotto-da-Silva-1080x675_3851eae6.jpeg,False,0,https://u-paris.fr/en/higher-education-in-france/
BRIDGE-1080x675_e2ab92c9.jpeg,False,0,https://u-paris.fr/en/higher-education-in-france/
Sans-titre-1920-x-1080-px58_3b9c8084.jpeg,False,0,https://u-paris.fr/en/graduateschools/
SmartUP_1920-1_8c192660.jpeg,False,34,https://u-paris.fr/en/graduateschools/
Sans-titre-1920-x-1080-px55_68cbd7ab.jpeg,False,0,https://u-paris.fr/en/graduateschools/
Sans-titre-1920-x-1080-px34_5b8977a3.jpeg,False,0,https://u-paris.fr/en/graduateschools/
These1_e4219d8a.jpeg,False,0,https://u-paris.fr/en/graduateschools/
Sans-titre-1920-x-1080-px29_9ed0c227.jpeg,False,0,https://u-paris.fr/en/graduateschools/
Sans-titre-1920-x-1080-px18_122f7d4c.jpeg,False,0,https://u-paris.fr/en/graduateschools/
Sans-titre-1920-x-1080-px22_7263f459.jpeg,False,59,https://u-paris.fr/en/graduateschools/
Sans-titre-1920-x-1080-px17_62b93d95.jpeg,False,0,https://u-paris.fr/en/graduateschools/
engagement_22b86f91.jpeg,False,0,https://u-paris.fr/language/en/plan-your-project/
Enseignants-chercheurs-77-min_364d102d.jpeg,False,0,https://u-paris.fr/language/en/plan-your-project/
International-min_34904daf.jpeg,False,0,https://u-paris.fr/language/en/plan-your-project/
Summer_School_04_1b57fc6f.jpeg,False,71,https://u-paris.fr/language/en/plan-your-project/
Sans-titre-Erasmus_9eb714db.jpeg,False,0,https://u-paris.fr/language/en/international-mobility/
financer-formation-1_6b60de6b.jpeg,False,19,https://u-paris.fr/language/en/international-mobility/
Sans-titre-2019-03-26T144814.809-min_d5689e8a.jpeg,False,130,https://u-paris.fr/language/en/international-mobility/
Valise-min_b822f70c.jpeg,False,28,https://u-paris.fr/language/en/international-mobility/
Prix_7710b6ab.jpeg,False,0,https://u-paris.fr/language/en/awards-and-distinctions/
tubes-a-essai-1_99b427f2.jpeg,False,0,https://u-paris.fr/language/en/laboratories/
Sans-titre-86-min-1_6144cba8.jpeg,False,0,https://u-paris.fr/language/en/laboratories/
Seebacher_f4df1177.jpeg,False,0,https://u-paris.fr/language/en/laboratories/
mesure-de-pression_2f074530.jpeg,False,0,https://u-paris.fr/language/en/laboratories/
institutpasteur_54689-1_a12d7275.jpeg,False,0,https://u-paris.fr/language/en/laboratories/
Sans-titre-74-min_519c6f52.jpeg,False,0,https://u-paris.fr/language/en/laboratories/
Sans-titre-2019-03-26T144814.809-min_decde94b.jpeg,False,130,https://u-paris.fr/language/en/laboratories/
Oxford-min_7ca9a61b.jpeg,False,0,https://u-paris.fr/language/en/scientific-cooperation/
Centre_politique_de_la_terre_monogramme_300px_b0a57184.jpeg,False,0,https://u-paris.fr/language/en/multidisciplinary-institutes/
LogoDIIP_300px-vdef_8276e8d2.png,False,0,https://u-paris.fr/language/en/multidisciplinary-institutes/
GRIP_monogramme_300px_edfcec77.jpeg,False,0,https://u-paris.fr/language/en/multidisciplinary-institutes/
Personne_en_medecine_monogramme_300px_5fc06483.jpeg,False,0,https://u-paris.fr/language/en/multidisciplinary-institutes/
C19AM_300px-vanglais_a0616ee8.jpeg,False,0,https://u-paris.fr/language/en/multidisciplinary-institutes/
LogoCDG_300px-vanglais_93a98f39.jpeg,False,0,https://u-paris.fr/language/en/multidisciplinary-institutes/
LogoIDD_300px-vanglais_ec8d3f34.jpeg,False,0,https://u-paris.fr/language/en/multidisciplinary-institutes/
SPP_300px-vanglais_d4349a02.jpeg,False,0,https://u-paris.fr/language/en/multidisciplinary-institutes/
PS_VISUEL_BLANC_7c3b7d6c.png,False,0,https://u-paris.fr/language/en/multidisciplinary-institutes/
Sans-titre-1920-x-1080-px58-1080x675_1adb934f.jpeg,False,0,https://u-paris.fr/language/en/research-and-technical-platforms/
Sans-titre-1920-x-1080-px55-1080x675_55197ed1.jpeg,False,0,https://u-paris.fr/language/en/research-and-technical-platforms/
research-platforms_1a3b2edb.jpeg,False,0,https://u-paris.fr/language/en/research-and-technical-platforms/
Bottom-up-UPCITE-1080x675_f84e32cc.png,False,0,https://u-paris.fr/language/en/research-and-technical-platforms/
Argumenttheory-Varno_370883aa.jpeg,False,0,https://u-paris.fr/language/en/technology-transfer-and-innovation/
Astraveus-VArno_9ec453c2.jpeg,False,0,https://u-paris.fr/language/en/technology-transfer-and-innovation/
CercleRecherche-Vdef_dd352981.jpeg,False,210,https://u-paris.fr/language/en/technology-transfer-and-innovation/
Eyevensys-Varno_ae119dda.jpeg,False,13,https://u-paris.fr/language/en/technology-transfer-and-innovation/
Ermium-Varno_fb05a227.jpeg,False,0,https://u-paris.fr/language/en/technology-transfer-and-innovation/
Extralab-Varno_46722f6a.jpeg,False,11,https://u-paris.fr/language/en/technology-transfer-and-innovation/
Astraveus-VArno-1_5c3eaeeb.jpeg,False,13,https://u-paris.fr/language/en/technology-transfer-and-innovation/
Startimmune-Varno_694263cd.jpeg,False,0,https://u-paris.fr/language/en/technology-transfer-and-innovation/
Accueil-personnels-internationaux-1080x675_4bee1a34.jpeg,False,0,https://u-paris.fr/language/en/technology-transfer-and-innovation/
doctoral-studies_47718bcd.jpeg,False,0,https://u-paris.fr/language/en/doctoral-studies/
signature_0bccb82d.jpeg,False,0,https://u-paris.fr/language/en/scientific-publications/
Réseau-HAL_22420cb7.jpeg,False,0,https://u-paris.fr/language/en/scientific-publications/
Bibliothque-ConvertImage_40a5792b.jpeg,False,77,https://u-paris.fr/language/en/scientific-publications/
UE-engagement-copie-1_d6be6127.jpeg,False,0,https://u-paris.fr/language/en/get-involved/
musique_saxo_5fa37834.jpeg,False,0,https://u-paris.fr/language/en/student-associations/
LXUS41711-1080x675_0ede15a1.jpeg,False,0,https://u-paris.fr/language/en/libraries/
Erasmus-Days-2025_web-banner_1920x1080_WEB-1080x67_0e84edef.jpeg,False,16,https://u-paris.fr/language/en/libraries/
Odeon02-1080x675_bb868607.jpeg,False,41,https://u-paris.fr/language/en/libraries/
BGM_454ec3bf.jpeg,False,0,https://u-paris.fr/language/en/libraries/
aides-bourses_a7353870.jpeg,False,0,https://u-paris.fr/language/en/health-and-social-services/
tensiometre_82ec5985.jpeg,False,0,https://u-paris.fr/language/en/health-and-social-services/
tutorat_2ebe2c3d.jpeg,False,0,https://u-paris.fr/language/en/health-and-social-services/
etudes-handicap_0a67ccfa.jpeg,False,0,https://u-paris.fr/language/en/health-and-social-services/
residency_db2a3564.jpeg,False,0,https://u-paris.fr/language/en/health-and-social-services/
culture_af1d4158.jpeg,False,0,https://u-paris.fr/en/culture-at-universite-de-paris/
Accueil-Etudiants-internationaux-1080x675_1494c79c.jpeg,False,0,https://u-paris.fr/language/en/sports/
ballon-gymnase_3b82bfd9.jpeg,False,0,https://u-paris.fr/language/en/sports/
UPCite-etudiant-Paris-1080x675_eb1ab143.png,False,0,https://u-paris.fr/language/en/sports/
logement_01ae88d6.jpeg,False,0,https://u-paris.fr/en/accomodation/
1745940333654-1080x675_7f8fe5f1.jpeg,False,0,https://u-paris.fr/language/en/universite-paris-cite-ranks-5th-in-the-world-for-innovation/
Communautés-de-pratiques-Circle-U.-1080x675_c8d3d57a.jpeg,False,0,https://u-paris.fr/language/en/universite-paris-cite-ranks-5th-in-the-world-for-innovation/
SiegeUP_1920-1-5-1080x675_70c45b24.jpeg,False,32,https://u-paris.fr/language/en/universite-paris-cite-ranks-5th-in-the-world-for-innovation/
SiegeUP_1920-1_702e9138.jpeg,False,0,https://u-paris.fr/language/en/universite-paris-cite-ranks-5th-in-the-world-for-innovation/
Design-sans-titre-1080x675_1d1566c9.jpeg,False,0,https://u-paris.fr/language/en/universite-paris-cite-ranks-5th-in-the-world-for-innovation/
UniversiteParisCite_IdEx_F30_250PS-1_fcf2d3c3.png,False,0,https://u-paris.fr/language/en/call-for-applications-for-us-visiting-faculty-2026-2027/
SiegeUP_1920-1-1080x675_3fd61e8d.jpeg,False,32,https://u-paris.fr/language/en/call-for-applications-for-us-visiting-faculty-2026-2027/
These1-1080x675_2892a85d.jpeg,False,0,https://u-paris.fr/language/en/category/international-en/
UPKings-1080x675_acd9776a.jpeg,False,22,https://u-paris.fr/language/en/category/international-en/
2017-BTC-Signage-3-V2-1080x675_21a96cf1.jpeg,False,0,https://u-paris.fr/language/en/category/international-en/
logo-bourse-eiffel1-1080x675_f6ee026f.jpeg,False,37,https://u-paris.fr/language/en/category/international-en/
Circle-U.-in-two-minutes-1080x675_e97bb7d5.png,False,43,https://u-paris.fr/language/en/category/international-en/
Sans-titre-1920-x-1080-px15-1080x675_9866e359.jpeg,False,25,https://u-paris.fr/language/en/category/international-en/
CC.-OPEN-ACCESS-WEEK-1080x675_adcd162c.png,False,0,https://u-paris.fr/language/en/category/international-en/
Sans-titre-1920-x-1080-px22-1080x675_7b8b3821.jpeg,False,0,https://u-paris.fr/language/en/category/international-en/
Sans-titre-1920-x-1080-px13-1080x675_eb8080e9.jpeg,False,0,https://u-paris.fr/language/en/category/international-en/
logo-Society_Health_be9c51e1.jpeg,False,53,https://u-paris.fr/language/en/graduate-school-society-and-healths-applithon-2025-dedicated-to-mental-health/
Sans-titre-1920-x-1080-px3-2_04ab0dce.jpeg,False,0,https://u-paris.fr/language/en/graduate-school-society-and-healths-applithon-2025-dedicated-to-mental-health/
Sans-titre-1920-x-1080-px1-2_0734b04c.jpeg,False,18,https://u-paris.fr/language/en/graduate-school-society-and-healths-applithon-2025-dedicated-to-mental-health/
Sans-titre-1920-x-1080-px2-2_8a367fd1.jpeg,False,0,https://u-paris.fr/language/en/graduate-school-society-and-healths-applithon-2025-dedicated-to-mental-health/
Sans-titre-1920-x-1080-px12-2_97a109d0.jpeg,False,186,https://u-paris.fr/language/en/graduate-school-society-and-healths-applithon-2025-dedicated-to-mental-health/
Appels_a-980x551_3265b40f.jpeg,False,0,https://u-paris.fr/language/en/graduate-school-society-and-healths-applithon-2025-dedicated-to-mental-health/
Sans-titre-1920-x-1080-px5-2_b3c3c526.jpeg,False,0,https://u-paris.fr/language/en/graduate-school-society-and-healths-applithon-2025-dedicated-to-mental-health/
Appel_02-980x551_50d1561f.jpeg,False,0,https://u-paris.fr/language/en/graduate-school-society-and-healths-applithon-2025-dedicated-to-mental-health/
SmartUP_1920-980x551_38842d0f.jpeg,False,42,https://u-paris.fr/language/en/graduate-school-society-and-healths-applithon-2025-dedicated-to-mental-health/
SMARTS-UP_logo_f88a235f.png,False,43,https://u-paris.fr/language/en/graduate-school-society-and-healths-applithon-2025-dedicated-to-mental-health/
Sans-titre-1920-x-1080-px6-2_bbdaeb9d.jpeg,False,14,https://u-paris.fr/language/en/graduate-school-society-and-healths-applithon-2025-dedicated-to-mental-health/
ANR_b0e67c27.png,False,0,https://u-paris.fr/language/en/graduate-school-society-and-healths-applithon-2025-dedicated-to-mental-health/
Sans-titre-1920-x-1080-px29-1080x675_8d66bd9f.jpeg,False,0,https://u-paris.fr/language/en/category/graduate-schools-en/
Sans-titre-1920-x-1080-px18-1080x675_57864463.jpeg,False,0,https://u-paris.fr/language/en/category/graduate-schools-en/
Sans-titre-1920-x-1080-px17-1080x675_081e33e1.jpeg,False,0,https://u-paris.fr/language/en/category/graduate-schools-en/
Appels_a-1080x675_6668f76a.jpeg,False,0,https://u-paris.fr/language/en/category/graduate-schools-en/
Appel_02-1080x675_88b563b5.jpeg,False,0,https://u-paris.fr/language/en/category/graduate-schools-en/
Sans-titre-1920-x-1080-px11-1080x675_f2ef059b.jpeg,False,0,https://u-paris.fr/language/en/category/graduate-schools-en/
unesco-2_e736cd31.png,False,0,https://u-paris.fr/language/en/category/graduate-schools-en/
Mohammed-VI-1080x675_439efae8.jpeg,False,0,https://u-paris.fr/language/en/category/graduate-schools-en/
Design-sans-titre_4417db13.jpeg,False,0,https://u-paris.fr/language/en/call-for-projects-2025-upcite-university-of-toronto/
IMG_0146-1080x675_7434e1b5.jpeg,False,0,https://u-paris.fr/language/en/category/international-partnerships/
Design-sans-titre-1-1080x675_d1e85dce.jpeg,False,0,https://u-paris.fr/language/en/category/international-partnerships/
KCL-UPCITE1-1080x675_38f6f0b4.png,False,0,https://u-paris.fr/language/en/category/international-partnerships/
Inde_2025-2-1-1080x675_f200076c.jpeg,False,12,https://u-paris.fr/language/en/category/international-partnerships/
Design-sans-titre1-1080x675_276a7298.jpeg,False,0,https://u-paris.fr/language/en/category/international-partnerships/
Design-sans-titre-1080x675_6db953f6.jpeg,False,0,https://u-paris.fr/language/en/category/international-partnerships/
DPH21182-1-1080x675_4283f34d.jpeg,False,0,https://u-paris.fr/language/en/category/international-partnerships/
Summer-school-CU.-Paris-1080x675_adfb721a.jpeg,False,0,https://u-paris.fr/language/en/category/international-partnerships/
photo-1080x675_5c3d129c.jpeg,False,0,https://u-paris.fr/language/en/category/international-partnerships/
Groupe_Dakar-1080x675_41a6c424.jpeg,False,0,https://u-paris.fr/language/en/category/international-partnerships/
singapour-2024_003-1-1080x675_91bbf15e.jpeg,False,85,https://u-paris.fr/language/en/category/international-partnerships/
DPH21181-1080x675_997976f8.jpeg,False,0,https://u-paris.fr/language/en/category/international-partnerships/
flag-fr_8f6735ba.png,False,0,https://u-paris.fr/language/en/radon-emissions-on-mars-and-the-moon-the-contribution-of-meteorites/
logo-header-desktop_0128a0e7.png,False,0,https://u-paris.fr/language/en/radon-emissions-on-mars-and-the-moon-the-contribution-of-meteorites/
logo-ipgp-menu_c117b0b7.png,False,0,https://u-paris.fr/language/en/radon-emissions-on-mars-and-the-moon-the-contribution-of-meteorites/
flag-en_c02bb2e8.png,False,0,https://u-paris.fr/language/en/radon-emissions-on-mars-and-the-moon-the-contribution-of-meteorites/
Meteorite-Lunaire_Oued-Awlitis-001_Masse-princip_5d9182dc.jpeg,False,0,https://u-paris.fr/language/en/radon-emissions-on-mars-and-the-moon-the-contribution-of-meteorites/
Remise-ds-Prix-2025-294x187_aa8fb599.jpeg,False,0,https://u-paris.fr/language/en/radon-emissions-on-mars-and-the-moon-the-contribution-of-meteorites/
artemis_ipgp_PYC-294x187_a1f260e9.png,False,0,https://u-paris.fr/language/en/radon-emissions-on-mars-and-the-moon-the-contribution-of-meteorites/
Meteorite-Martienne_Nakhla_NHMW-J2669_Credit_NH_c46df7a4.jpeg,False,0,https://u-paris.fr/language/en/radon-emissions-on-mars-and-the-moon-the-contribution-of-meteorites/
Daniel-Neuville-Morey-Award-re-sized-294x187_ac16f663.jpeg,False,0,https://u-paris.fr/language/en/radon-emissions-on-mars-and-the-moon-the-contribution-of-meteorites/
footer-logos_6b6e0c3e.png,False,0,https://u-paris.fr/language/en/radon-emissions-on-mars-and-the-moon-the-contribution-of-meteorites/
cnrs_2fa6b96c.png,False,0,https://u-paris.fr/language/en/radon-emissions-on-mars-and-the-moon-the-contribution-of-meteorites/
Anegada_island-294x187_e4312c63.png,False,23,https://u-paris.fr/language/en/radon-emissions-on-mars-and-the-moon-the-contribution-of-meteorites/
upc_15c51e20.png,False,0,https://u-paris.fr/language/en/radon-emissions-on-mars-and-the-moon-the-contribution-of-meteorites/
udlr_15190799.png,False,0,https://u-paris.fr/language/en/radon-emissions-on-mars-and-the-moon-the-contribution-of-meteorites/
ign_bef41d5e.png,False,0,https://u-paris.fr/language/en/radon-emissions-on-mars-and-the-moon-the-contribution-of-meteorites/
cnes_79d215bf.png,False,0,https://u-paris.fr/language/en/radon-emissions-on-mars-and-the-moon-the-contribution-of-meteorites/
investissements_d_avenir_blanc_e1f94278.png,False,0,https://u-paris.fr/language/en/radon-emissions-on-mars-and-the-moon-the-contribution-of-meteorites/
fupc_739ff425.png,False,0,https://u-paris.fr/language/en/radon-emissions-on-mars-and-the-moon-the-contribution-of-meteorites/
Sans-titre-1920-x-1080-px19-1080x675_314106e3.jpeg,False,0,https://u-paris.fr/language/en/category/research/
Meteorite-Martienne_Nakhla_NHMW-J2669_Credit_NH_a6150f9e.jpeg,False,0,https://u-paris.fr/language/en/category/research/
Sandpit-Circle-U.-1080x675_5f146316.jpeg,False,0,https://u-paris.fr/language/en/category/research/
Voeux2025_1920x1804-1080x675_2cdcf1d0.jpeg,False,14,https://u-paris.fr/language/en/universite-paris-cite-inaugurates-the-global-health-institute-of-paris/
Design-sans-titre-8-1080x675_32098ace.jpeg,False,0,https://u-paris.fr/language/en/category/institution/
20241004_1603321-1080x675_3e36c849.jpeg,False,0,https://u-paris.fr/language/en/category/institution/
2017-NUS-Signage-1-1-1080x675_c39757e5.jpeg,False,0,https://u-paris.fr/language/en/category/institution/
IPxUPCite_1920x1080-1-1080x675_8700396f.jpeg,False,0,https://u-paris.fr/language/en/category/institution/
classement-cwur-1080x675_4f9cc47c.jpeg,False,0,https://u-paris.fr/language/en/category/institution/
1920X1080drapeaux-2-1080x675_932d480e.gif,False,0,https://u-paris.fr/language/en/category/institution/
Sans-titre-28-1080x675_613a2f61.jpeg,False,0,https://u-paris.fr/language/en/category/institution/
fond-degrade-1080x675_dde51895.jpeg,False,0,https://u-paris.fr/language/en/category/institution/
Design-sans-titre-1-1080x675_4c94665a.jpeg,False,0,https://u-paris.fr/language/en/category/institution/
Gala-5-1080x675_5e52b957.jpeg,False,0,https://u-paris.fr/language/en/category/faculty-of-health/
Image202503051650501-1080x675_1d6c4a88.jpeg,False,0,https://u-paris.fr/language/en/category/faculty-of-health/
SmartUP_1920-1080x675_18649d87.jpeg,False,0,https://u-paris.fr/language/en/category/faculty-of-health/
transplantation-1080x675_d7dd8b2f.png,False,0,https://u-paris.fr/language/en/category/faculty-of-health/
Fr2030_1920-1-1080x675_b5d57993.jpeg,False,11,https://u-paris.fr/language/en/category/faculty-of-health/
SummerSchool22_19204-1080x675_26506ae4.jpeg,False,0,https://u-paris.fr/language/en/category/faculty-of-health/
Immunothérapie-et-cancer-du-rein-Pr-Tartour-1080x6_d27e367a.png,False,0,https://u-paris.fr/language/en/category/faculty-of-health/
2013-NUS-UTown-ERC-v2-1080x675_a4bf7d76.jpeg,False,38,https://u-paris.fr/language/en/category/faculty-of-health/
Mourah_Fridman-1-1080x675_dee27102.jpeg,False,0,https://u-paris.fr/language/en/category/faculty-of-health/
palogénomique-Pasteur-1-1080x675_6d693e96.jpeg,False,0,https://u-paris.fr/language/en/category/faculty-of-health/
IMG-6056-1080x675_2adeb79e.jpeg,False,0,https://u-paris.fr/language/en/category/faculty-of-health/
transplantation_c19eb2c2.png,False,0,https://u-paris.fr/language/en/international-study-characterises-for-the-first-time-a-new-type-of-kidney-transplant-rejection/
HIV-1-1024x576-1_7c3c3c20.jpeg,False,0,https://u-paris.fr/language/en/category/press-en/
DSC09929_UPC-1080x675_bb69ae5d.jpeg,False,0,https://u-paris.fr/language/en/category/press-en/
Xenogreffe-porcine-A.-Loupy-1080x675_b3b93a32.jpeg,False,0,https://u-paris.fr/language/en/category/press-en/
transplantation-1080x675_9f955abf.png,False,0,https://u-paris.fr/language/en/category/press-en/
Dinkinesh-family-portrait-2_1920-2-1080x675_fd1fc18b.jpeg,False,0,https://u-paris.fr/language/en/category/press-en/
FG16143-2_photo-Alexandre-Loupy-1-1080x675_6bed2b81.jpeg,False,0,https://u-paris.fr/language/en/category/press-en/
Illustration_StructureInterneMars3_IPGP-CNES-Sart_0fb37dbd.jpeg,False,0,https://u-paris.fr/language/en/category/press-en/
Design-sans-titre-1-1-1080x675_728a25d6.png,False,0,https://u-paris.fr/language/en/category/press-en/
Fig3_RockwellKlinger_1920-1-1080x675_aa391542.jpeg,True,8249,https://u-paris.fr/language/en/category/press-en/
jaroslaw-kwoczala-ynwGXMkpYcY-unsplash-1-1-1080x67_861dae56.jpeg,False,0,https://u-paris.fr/language/en/category/press-en/
pasteurautisme-1080x675_0fdb194c.jpeg,False,0,https://u-paris.fr/language/en/category/press-en/
